{
  "type": "minecraft:block",
  "pools": [
    {
      "rolls": 1,
      "entries": [
        {
          "type": "minecraft:alternatives",
          "children": [
            {
              "type": "minecraft:dynamic",
              "name": "minecraft:contents",
              "conditions": [
                {
                  "condition": "minecraft:match_tool",
                  "predicate": {
                    "predicates": {
                      "custom_data": "{drop_contents:1}"
                    }
                  }
                }
              ]
            },
            {
              "type": "minecraft:item",
              "functions": [
                {
                  "include": [
                    "minecraft:custom_name",
                    "minecraft:container",
                    "minecraft:lock",
                    "minecraft:container_loot",
                    "minecraft:lore"
                  ],
                  "function": "minecraft:copy_components",
                  "source": "block_entity"
                },
                {
                  "function": "minecraft:copy_custom_data",
                  "ops": [
                    {
                      "op": "replace",
                      "source": "components.\"minecraft:custom_data\".nw_fur_id",
                      "target": "nw_fur_id"
                    }
                  ],
                  "source": "block_entity"
                }
              ],
              "name": "minecraft:shulker_box"
            }
          ]
        }
      ]
    }
  ]
}