{"type": "minecraft:stonecutting", "category": "building", "show_notification": true, "ingredient": {"item": "granite_wall"}, "result": {"count": 1, "id": "minecraft:firework_star", "components": {"minecraft:item_name": "\"\u82b1\u5c97\u5ca9\u5750\u57ab\u957f\u6905\uff08\u4e2d\uff09\"", "minecraft:custom_model_data": 10334, "minecraft:custom_data": "{nw_fur: 1b, nw_fur_id_buildin: 1282}", "minecraft:firework_explosion": {"shape": "small_ball", "colors": [16777215]}, "minecraft:hide_additional_tooltip": {}, "minecraft:food": {"saturation": 0.0, "nutrition": 0, "can_always_eat": true, "eat_seconds": 1000000.0}}}}