{"type": "minecraft:stonecutting", "category": "building", "show_notification": true, "ingredient": {"item": "deepslate_tile_wall"}, "result": {"count": 1, "id": "minecraft:firework_star", "components": {"minecraft:item_name": "\"\u6df1\u677f\u5ca9\u74e6\u652f\u67b6\"", "minecraft:custom_model_data": 10444, "minecraft:custom_data": "{nw_fur: 1b, nw_fur_id_buildin: 1385}", "minecraft:firework_explosion": {"shape": "small_ball", "colors": [16777215]}, "minecraft:hide_additional_tooltip": {}, "minecraft:food": {"saturation": 0.0, "nutrition": 0, "can_always_eat": true, "eat_seconds": 1000000.0}}}}