{"type": "minecraft:stonecutting", "category": "building", "show_notification": true, "ingredient": {"item": "oak_log"}, "result": {"count": 1, "id": "minecraft:firework_star", "components": {"minecraft:item_name": "\"\u5355\u817f\u6a61\u6728\u6728\u677f\u684c\"", "minecraft:custom_model_data": 10015, "minecraft:custom_data": "{nw_fur: 1b, nw_fur_id_buildin: 14}", "minecraft:firework_explosion": {"shape": "small_ball", "colors": [16777215]}, "minecraft:hide_additional_tooltip": {}, "minecraft:food": {"saturation": 0.0, "nutrition": 0, "can_always_eat": true, "eat_seconds": 1000000.0}}}}