{"type": "minecraft:stonecutting", "category": "building", "show_notification": true, "ingredient": {"item": "tuff_brick_wall"}, "result": {"count": 1, "id": "minecraft:firework_star", "components": {"minecraft:item_name": "\"\ud83d\udee0 \u51dd\u7070\u5ca9\u7816\u957f\u6905\uff08\u5de6\uff09\"", "minecraft:custom_model_data": 10538, "minecraft:custom_data": "{nw_fur: 1b, nw_fur_id_buildin: 1472}", "minecraft:firework_explosion": {"shape": "small_ball", "colors": [16777215]}, "minecraft:hide_additional_tooltip": {}, "minecraft:food": {"saturation": 0.0, "nutrition": 0, "can_always_eat": true, "eat_seconds": 1000000.0}}}}