{"type": "minecraft:crafting_shaped", "category": "building", "show_notification": true, "key": {"#": {"item": "iron_ingot"}, "$": {"tag": "logs"}, "%": {"item": "iron_axe"}}, "pattern": ["# %", "$$$", "$$$"], "result": {"count": 1, "id": "minecraft:firework_star", "components": {"minecraft:item_name": "\"\u539f\u6728\u53bb\u76ae\u673a\"", "minecraft:custom_model_data": 6006, "minecraft:custom_data": "{nw_fur: 1b, nw_fur_id_buildin: 1031}", "minecraft:firework_explosion": {"shape": "small_ball", "colors": [16777215]}, "minecraft:hide_additional_tooltip": {}, "minecraft:food": {"saturation": 0.0, "nutrition": 0, "can_always_eat": true, "eat_seconds": 1000000.0}}}}