{"type": "minecraft:stonecutting", "category": "building", "show_notification": true, "ingredient": {"item": "mud_brick_wall"}, "result": {"count": 1, "id": "minecraft:firework_star", "components": {"minecraft:item_name": "\"\u6ce5\u7816\u5750\u57ab\u6905\"", "minecraft:custom_model_data": 10577, "minecraft:custom_data": "{nw_fur: 1b, nw_fur_id_buildin: 1509}", "minecraft:firework_explosion": {"shape": "small_ball", "colors": [16777215]}, "minecraft:hide_additional_tooltip": {}, "minecraft:food": {"saturation": 0.0, "nutrition": 0, "can_always_eat": true, "eat_seconds": 1000000.0}}}}