{"type": "minecraft:crafting_shaped", "category": "building", "show_notification": true, "key": {"#": {"item": "glass_bottle"}, "$": {"item": "dragon_breath"}}, "pattern": ["$  ", "#  "], "result": {"count": 1, "id": "minecraft:firework_star", "components": {"minecraft:item_name": "\"\u7a7a\u7684\u6ede\u7559\u6c34\u74f6\"", "minecraft:custom_model_data": 10134, "minecraft:custom_data": "{nw_fur: 1b, nw_fur_id_buildin: 131}", "minecraft:firework_explosion": {"shape": "small_ball", "colors": [16777215]}, "minecraft:hide_additional_tooltip": {}, "minecraft:food": {"saturation": 0.0, "nutrition": 0, "can_always_eat": true, "eat_seconds": 1000000.0}}}, "group": "nw:empty_bottle_lingering"}