{"type": "minecraft:crafting_shaped", "category": "building", "show_notification": true, "key": {"#": {"item": "copper_ingot"}, "$": {"item": "iron_trapdoor"}, "%": {"item": "flint_and_steel"}}, "pattern": ["$$$", "#%#"], "result": {"count": 1, "id": "minecraft:firework_star", "components": {"minecraft:item_name": "\"\u9ad8\u6e29\u6c27\u5316\u53f0\"", "minecraft:custom_model_data": 6008, "minecraft:custom_data": "{nw_fur: 1b, nw_fur_id_buildin: 1033}", "minecraft:firework_explosion": {"shape": "small_ball", "colors": [16777215]}, "minecraft:hide_additional_tooltip": {}, "minecraft:food": {"saturation": 0.0, "nutrition": 0, "can_always_eat": true, "eat_seconds": 1000000.0}}}}