{"type": "minecraft:crafting_shaped", "category": "building", "show_notification": true, "key": {"#": {"item": "iron_shovel"}, "$": {"item": "item_frame"}}, "pattern": [" $ ", "###"], "result": {"count": 1, "id": "minecraft:firework_star", "components": {"minecraft:item_name": "\"\u58c1\u6302\u53a8\u5177\u67b6\"", "minecraft:custom_model_data": 10124, "minecraft:custom_data": "{nw_fur: 1b, nw_fur_id_buildin: 121}", "minecraft:firework_explosion": {"shape": "small_ball", "colors": [16777215]}, "minecraft:hide_additional_tooltip": {}, "minecraft:food": {"saturation": 0.0, "nutrition": 0, "can_always_eat": true, "eat_seconds": 1000000.0}}}, "group": "nw:wall_kitchenware"}