{
    "criteria": {
        "imp": {
            "trigger": "location"
        }
    },
    "rewards": {
        "recipes": [
            "nwr:guide_book",
            "nw:brush_1",
            "nw:brush_2",
            "nw:brush_3",
            "nw:brush_4",
            "nw:brush_5",
            "nw:brush_6",
            "nw:brush_7",
            "nw:brush_8",
            "nw:brush_9",
            "nw:brush_10",
            "nw:brush_11",
            "nw:brush_12",
            "nw:brush_13",
            "nw:brush_14",
            "nw:brush_15",
            "nw:brush_16",
            "nw:furniture_0",
            "nw:furniture_1_cut",
            "nw:furniture_2_cut",
            "nw:furniture_3_cut",
            "nw:furniture_4_cut",
            "nw:furniture_5_cut",
            "nw:furniture_6_cut",
            "nw:furniture_7_cut",
            "nw:furniture_8_cut",
            "nw:furniture_9_cut",
            "nw:furniture_10_cut",
            "nw:furniture_11_cut",
            "nw:furniture_12_cut",
            "nw:furniture_13_cut",
            "nw:furniture_14_cut",
            "nw:furniture_15_cut",
            "nw:furniture_16_cut",
            "nw:furniture_17_cut",
            "nw:furniture_18_cut",
            "nw:furniture_19_cut",
            "nw:furniture_20_cut",
            "nw:furniture_21_cut",
            "nw:furniture_22_cut",
            "nw:furniture_23_cut",
            "nw:furniture_24_cut",
            "nw:furniture_25_cut",
            "nw:furniture_26_cut",
            "nw:furniture_27_cut",
            "nw:furniture_28_cut",
            "nw:furniture_30_cut",
            "nw:furniture_32_cut",
            "nw:furniture_33_cut",
            "nw:furniture_35_cut",
            "nw:furniture_37_cut",
            "nw:furniture_38_cut",
            "nw:furniture_40_cut",
            "nw:furniture_41_cut",
            "nw:furniture_42_cut",
            "nw:furniture_43_cut",
            "nw:furniture_45_cut",
            "nw:furniture_46_cut",
            "nw:furniture_47_cut",
            "nw:furniture_49_cut",
            "nw:furniture_55_cut",
            "nw:furniture_61_cut",
            "nw:furniture_67_cut",
            "nw:furniture_73_cut",
            "nw:furniture_74_cut",
            "nw:furniture_76_cut",
            "nw:furniture_77_cut",
            "nw:furniture_79_cut",
            "nw:furniture_80_cut",
            "nw:furniture_81_cut",
            "nw:furniture_82",
            "nw:furniture_83",
            "nw:furniture_85",
            "nw:furniture_86_cut",
            "nw:furniture_87",
            "nw:furniture_88",
            "nw:furniture_89",
            "nw:furniture_90",
            "nw:furniture_91",
            "nw:furniture_92",
            "nw:furniture_93",
            "nw:furniture_94",
            "nw:furniture_95",
            "nw:furniture_96",
            "nw:furniture_97",
            "nw:furniture_98",
            "nw:furniture_99",
            "nw:furniture_100",
            "nw:furniture_101",
            "nw:furniture_102",
            "nw:furniture_103",
            "nw:furniture_104",
            "nw:furniture_105",
            "nw:furniture_106",
            "nw:furniture_107",
            "nw:furniture_108",
            "nw:furniture_109",
            "nw:furniture_110",
            "nw:furniture_111",
            "nw:furniture_112",
            "nw:furniture_113",
            "nw:furniture_114",
            "nw:furniture_115",
            "nw:furniture_116",
            "nw:furniture_117",
            "nw:furniture_118",
            "nw:furniture_119",
            "nw:furniture_120",
            "nw:furniture_121",
            "nw:furniture_122",
            "nw:furniture_123",
            "nw:furniture_124",
            "nw:furniture_125",
            "nw:furniture_126",
            "nw:furniture_127",
            "nw:furniture_128",
            "nw:furniture_129",
            "nw:furniture_130",
            "nw:furniture_131",
            "nw:furniture_132",
            "nw:furniture_133",
            "nw:furniture_134",
            "nw:furniture_135",
            "nw:furniture_136",
            "nw:furniture_137",
            "nw:furniture_138",
            "nw:furniture_139_cut",
            "nw:furniture_140_cut",
            "nw:furniture_141_cut",
            "nw:furniture_142_cut",
            "nw:furniture_143_cut",
            "nw:furniture_144_cut",
            "nw:furniture_145_cut",
            "nw:furniture_146_cut",
            "nw:furniture_147_cut",
            "nw:furniture_148_cut",
            "nw:furniture_149_cut",
            "nw:furniture_150_cut",
            "nw:furniture_151_cut",
            "nw:furniture_152_cut",
            "nw:furniture_153_cut",
            "nw:furniture_154_cut",
            "nw:furniture_155_cut",
            "nw:furniture_156_cut",
            "nw:furniture_157_cut",
            "nw:furniture_158_cut",
            "nw:furniture_159_cut",
            "nw:furniture_160_cut",
            "nw:furniture_161_cut",
            "nw:furniture_162_cut",
            "nw:furniture_163_cut",
            "nw:furniture_164_cut",
            "nw:furniture_165_cut",
            "nw:furniture_166_cut",
            "nw:furniture_168_cut",
            "nw:furniture_170_cut",
            "nw:furniture_171_cut",
            "nw:furniture_173_cut",
            "nw:furniture_175_cut",
            "nw:furniture_176_cut",
            "nw:furniture_178_cut",
            "nw:furniture_179_cut",
            "nw:furniture_180_cut",
            "nw:furniture_181_cut",
            "nw:furniture_183_cut",
            "nw:furniture_184_cut",
            "nw:furniture_185_cut",
            "nw:furniture_187_cut",
            "nw:furniture_193_cut",
            "nw:furniture_199_cut",
            "nw:furniture_205_cut",
            "nw:furniture_211_cut",
            "nw:furniture_212_cut",
            "nw:furniture_214_cut",
            "nw:furniture_215_cut",
            "nw:furniture_217_cut",
            "nw:furniture_218_cut",
            "nw:furniture_219_cut",
            "nw:furniture_220_cut",
            "nw:furniture_221_cut",
            "nw:furniture_222_cut",
            "nw:furniture_223_cut",
            "nw:furniture_224_cut",
            "nw:furniture_225_cut",
            "nw:furniture_226_cut",
            "nw:furniture_227_cut",
            "nw:furniture_228_cut",
            "nw:furniture_229_cut",
            "nw:furniture_230_cut",
            "nw:furniture_231_cut",
            "nw:furniture_232_cut",
            "nw:furniture_233_cut",
            "nw:furniture_234_cut",
            "nw:furniture_235_cut",
            "nw:furniture_236_cut",
            "nw:furniture_237_cut",
            "nw:furniture_238_cut",
            "nw:furniture_239_cut",
            "nw:furniture_240_cut",
            "nw:furniture_241_cut",
            "nw:furniture_242_cut",
            "nw:furniture_243_cut",
            "nw:furniture_244_cut",
            "nw:furniture_245_cut",
            "nw:furniture_246_cut",
            "nw:furniture_247_cut",
            "nw:furniture_248_cut",
            "nw:furniture_250_cut",
            "nw:furniture_252_cut",
            "nw:furniture_253_cut",
            "nw:furniture_255_cut",
            "nw:furniture_257_cut",
            "nw:furniture_258_cut",
            "nw:furniture_260_cut",
            "nw:furniture_261_cut",
            "nw:furniture_262_cut",
            "nw:furniture_263_cut",
            "nw:furniture_265_cut",
            "nw:furniture_266_cut",
            "nw:furniture_267_cut",
            "nw:furniture_269_cut",
            "nw:furniture_275_cut",
            "nw:furniture_281_cut",
            "nw:furniture_287_cut",
            "nw:furniture_293_cut",
            "nw:furniture_294_cut",
            "nw:furniture_296_cut",
            "nw:furniture_297_cut",
            "nw:furniture_299_cut",
            "nw:furniture_300_cut",
            "nw:furniture_301_cut",
            "nw:furniture_302_cut",
            "nw:furniture_303_cut",
            "nw:furniture_304_cut",
            "nw:furniture_305_cut",
            "nw:furniture_306_cut",
            "nw:furniture_307_cut",
            "nw:furniture_308_cut",
            "nw:furniture_309_cut",
            "nw:furniture_310_cut",
            "nw:furniture_311_cut",
            "nw:furniture_312_cut",
            "nw:furniture_313_cut",
            "nw:furniture_314_cut",
            "nw:furniture_315_cut",
            "nw:furniture_316_cut",
            "nw:furniture_317_cut",
            "nw:furniture_318_cut",
            "nw:furniture_319_cut",
            "nw:furniture_320_cut",
            "nw:furniture_321_cut",
            "nw:furniture_322_cut",
            "nw:furniture_323_cut",
            "nw:furniture_324_cut",
            "nw:furniture_325_cut",
            "nw:furniture_326_cut",
            "nw:furniture_327_cut",
            "nw:furniture_328_cut",
            "nw:furniture_329_cut",
            "nw:furniture_330_cut",
            "nw:furniture_332_cut",
            "nw:furniture_334_cut",
            "nw:furniture_335_cut",
            "nw:furniture_337_cut",
            "nw:furniture_339_cut",
            "nw:furniture_340_cut",
            "nw:furniture_342_cut",
            "nw:furniture_343_cut",
            "nw:furniture_344_cut",
            "nw:furniture_345_cut",
            "nw:furniture_347_cut",
            "nw:furniture_348_cut",
            "nw:furniture_349_cut",
            "nw:furniture_351_cut",
            "nw:furniture_357_cut",
            "nw:furniture_363_cut",
            "nw:furniture_369_cut",
            "nw:furniture_375_cut",
            "nw:furniture_376_cut",
            "nw:furniture_378_cut",
            "nw:furniture_379_cut",
            "nw:furniture_381_cut",
            "nw:furniture_382_cut",
            "nw:furniture_383_cut",
            "nw:furniture_384_cut",
            "nw:furniture_385_cut",
            "nw:furniture_386_cut",
            "nw:furniture_387_cut",
            "nw:furniture_388_cut",
            "nw:furniture_389_cut",
            "nw:furniture_390_cut",
            "nw:furniture_391_cut",
            "nw:furniture_392_cut",
            "nw:furniture_393_cut",
            "nw:furniture_394_cut",
            "nw:furniture_395_cut",
            "nw:furniture_396_cut",
            "nw:furniture_397_cut",
            "nw:furniture_398_cut",
            "nw:furniture_399_cut",
            "nw:furniture_400_cut",
            "nw:furniture_401_cut",
            "nw:furniture_402_cut",
            "nw:furniture_403_cut",
            "nw:furniture_404_cut",
            "nw:furniture_405_cut",
            "nw:furniture_406_cut",
            "nw:furniture_407_cut",
            "nw:furniture_408_cut",
            "nw:furniture_409_cut",
            "nw:furniture_410_cut",
            "nw:furniture_411_cut",
            "nw:furniture_412_cut",
            "nw:furniture_414_cut",
            "nw:furniture_416_cut",
            "nw:furniture_417_cut",
            "nw:furniture_419_cut",
            "nw:furniture_421_cut",
            "nw:furniture_422_cut",
            "nw:furniture_424_cut",
            "nw:furniture_425_cut",
            "nw:furniture_426_cut",
            "nw:furniture_427_cut",
            "nw:furniture_429_cut",
            "nw:furniture_430_cut",
            "nw:furniture_431_cut",
            "nw:furniture_433_cut",
            "nw:furniture_439_cut",
            "nw:furniture_445_cut",
            "nw:furniture_451_cut",
            "nw:furniture_457_cut",
            "nw:furniture_458_cut",
            "nw:furniture_460_cut",
            "nw:furniture_461_cut",
            "nw:furniture_463_cut",
            "nw:furniture_464_cut",
            "nw:furniture_465_cut",
            "nw:furniture_466_cut",
            "nw:furniture_467_cut",
            "nw:furniture_468_cut",
            "nw:furniture_469_cut",
            "nw:furniture_470_cut",
            "nw:furniture_471_cut",
            "nw:furniture_472_cut",
            "nw:furniture_473_cut",
            "nw:furniture_474_cut",
            "nw:furniture_475_cut",
            "nw:furniture_476_cut",
            "nw:furniture_477_cut",
            "nw:furniture_478_cut",
            "nw:furniture_479_cut",
            "nw:furniture_480_cut",
            "nw:furniture_481_cut",
            "nw:furniture_482_cut",
            "nw:furniture_483_cut",
            "nw:furniture_484_cut",
            "nw:furniture_485_cut",
            "nw:furniture_486_cut",
            "nw:furniture_487_cut",
            "nw:furniture_488_cut",
            "nw:furniture_489_cut",
            "nw:furniture_490_cut",
            "nw:furniture_491_cut",
            "nw:furniture_492_cut",
            "nw:furniture_493_cut",
            "nw:furniture_494_cut",
            "nw:furniture_496_cut",
            "nw:furniture_498_cut",
            "nw:furniture_499_cut",
            "nw:furniture_501_cut",
            "nw:furniture_503_cut",
            "nw:furniture_504_cut",
            "nw:furniture_506_cut",
            "nw:furniture_507_cut",
            "nw:furniture_508_cut",
            "nw:furniture_509_cut",
            "nw:furniture_511_cut",
            "nw:furniture_512_cut",
            "nw:furniture_513_cut",
            "nw:furniture_515_cut",
            "nw:furniture_521_cut",
            "nw:furniture_527_cut",
            "nw:furniture_533_cut",
            "nw:furniture_539_cut",
            "nw:furniture_540_cut",
            "nw:furniture_542_cut",
            "nw:furniture_543_cut",
            "nw:furniture_545_cut",
            "nw:furniture_546_cut",
            "nw:furniture_547_cut",
            "nw:furniture_548_cut",
            "nw:furniture_549_cut",
            "nw:furniture_550_cut",
            "nw:furniture_551_cut",
            "nw:furniture_552_cut",
            "nw:furniture_553_cut",
            "nw:furniture_554_cut",
            "nw:furniture_555_cut",
            "nw:furniture_556_cut",
            "nw:furniture_557_cut",
            "nw:furniture_558_cut",
            "nw:furniture_559_cut",
            "nw:furniture_560_cut",
            "nw:furniture_561_cut",
            "nw:furniture_562_cut",
            "nw:furniture_563_cut",
            "nw:furniture_564_cut",
            "nw:furniture_565_cut",
            "nw:furniture_566_cut",
            "nw:furniture_567_cut",
            "nw:furniture_568_cut",
            "nw:furniture_569_cut",
            "nw:furniture_570_cut",
            "nw:furniture_571_cut",
            "nw:furniture_572_cut",
            "nw:furniture_573_cut",
            "nw:furniture_574_cut",
            "nw:furniture_575_cut",
            "nw:furniture_576_cut",
            "nw:furniture_578_cut",
            "nw:furniture_580_cut",
            "nw:furniture_581_cut",
            "nw:furniture_583_cut",
            "nw:furniture_585_cut",
            "nw:furniture_586_cut",
            "nw:furniture_588_cut",
            "nw:furniture_589_cut",
            "nw:furniture_590_cut",
            "nw:furniture_591_cut",
            "nw:furniture_593_cut",
            "nw:furniture_594_cut",
            "nw:furniture_595_cut",
            "nw:furniture_597_cut",
            "nw:furniture_603_cut",
            "nw:furniture_609_cut",
            "nw:furniture_615_cut",
            "nw:furniture_621_cut",
            "nw:furniture_622_cut",
            "nw:furniture_624_cut",
            "nw:furniture_625_cut",
            "nw:furniture_627_cut",
            "nw:furniture_628_cut",
            "nw:furniture_629_cut",
            "nw:furniture_630_cut",
            "nw:furniture_631_cut",
            "nw:furniture_632_cut",
            "nw:furniture_633_cut",
            "nw:furniture_634_cut",
            "nw:furniture_635_cut",
            "nw:furniture_636_cut",
            "nw:furniture_637_cut",
            "nw:furniture_638_cut",
            "nw:furniture_639_cut",
            "nw:furniture_640_cut",
            "nw:furniture_641_cut",
            "nw:furniture_642_cut",
            "nw:furniture_643_cut",
            "nw:furniture_644_cut",
            "nw:furniture_645_cut",
            "nw:furniture_646_cut",
            "nw:furniture_647_cut",
            "nw:furniture_648_cut",
            "nw:furniture_649_cut",
            "nw:furniture_650_cut",
            "nw:furniture_651_cut",
            "nw:furniture_652_cut",
            "nw:furniture_653_cut",
            "nw:furniture_654_cut",
            "nw:furniture_655_cut",
            "nw:furniture_656_cut",
            "nw:furniture_657_cut",
            "nw:furniture_658_cut",
            "nw:furniture_660_cut",
            "nw:furniture_662_cut",
            "nw:furniture_663_cut",
            "nw:furniture_665_cut",
            "nw:furniture_667_cut",
            "nw:furniture_668_cut",
            "nw:furniture_670_cut",
            "nw:furniture_671_cut",
            "nw:furniture_672_cut",
            "nw:furniture_673_cut",
            "nw:furniture_675_cut",
            "nw:furniture_676_cut",
            "nw:furniture_677_cut",
            "nw:furniture_679_cut",
            "nw:furniture_685_cut",
            "nw:furniture_691_cut",
            "nw:furniture_697_cut",
            "nw:furniture_703_cut",
            "nw:furniture_704_cut",
            "nw:furniture_706_cut",
            "nw:furniture_707_cut",
            "nw:furniture_709_cut",
            "nw:furniture_710_cut",
            "nw:furniture_711_cut",
            "nw:furniture_712_cut",
            "nw:furniture_713_cut",
            "nw:furniture_714_cut",
            "nw:furniture_715_cut",
            "nw:furniture_716_cut",
            "nw:furniture_717_cut",
            "nw:furniture_718_cut",
            "nw:furniture_719_cut",
            "nw:furniture_720_cut",
            "nw:furniture_721_cut",
            "nw:furniture_722_cut",
            "nw:furniture_723_cut",
            "nw:furniture_724_cut",
            "nw:furniture_725_cut",
            "nw:furniture_726_cut",
            "nw:furniture_727_cut",
            "nw:furniture_728_cut",
            "nw:furniture_729_cut",
            "nw:furniture_730_cut",
            "nw:furniture_731_cut",
            "nw:furniture_732_cut",
            "nw:furniture_733_cut",
            "nw:furniture_734_cut",
            "nw:furniture_735_cut",
            "nw:furniture_736_cut",
            "nw:furniture_737_cut",
            "nw:furniture_738_cut",
            "nw:furniture_739_cut",
            "nw:furniture_740_cut",
            "nw:furniture_742_cut",
            "nw:furniture_744_cut",
            "nw:furniture_745_cut",
            "nw:furniture_747_cut",
            "nw:furniture_749_cut",
            "nw:furniture_750_cut",
            "nw:furniture_752_cut",
            "nw:furniture_753_cut",
            "nw:furniture_754_cut",
            "nw:furniture_755_cut",
            "nw:furniture_757_cut",
            "nw:furniture_758_cut",
            "nw:furniture_759_cut",
            "nw:furniture_761_cut",
            "nw:furniture_767_cut",
            "nw:furniture_773_cut",
            "nw:furniture_779_cut",
            "nw:furniture_785_cut",
            "nw:furniture_786_cut",
            "nw:furniture_788_cut",
            "nw:furniture_789_cut",
            "nw:furniture_791_cut",
            "nw:furniture_792_cut",
            "nw:furniture_793_cut",
            "nw:furniture_794_cut",
            "nw:furniture_795_cut",
            "nw:furniture_796_cut",
            "nw:furniture_797_cut",
            "nw:furniture_798_cut",
            "nw:furniture_799_cut",
            "nw:furniture_800_cut",
            "nw:furniture_801_cut",
            "nw:furniture_802_cut",
            "nw:furniture_803_cut",
            "nw:furniture_804_cut",
            "nw:furniture_805_cut",
            "nw:furniture_806_cut",
            "nw:furniture_807_cut",
            "nw:furniture_808_cut",
            "nw:furniture_809_cut",
            "nw:furniture_810_cut",
            "nw:furniture_811_cut",
            "nw:furniture_812_cut",
            "nw:furniture_813_cut",
            "nw:furniture_814_cut",
            "nw:furniture_815_cut",
            "nw:furniture_816_cut",
            "nw:furniture_817_cut",
            "nw:furniture_818_cut",
            "nw:furniture_819_cut",
            "nw:furniture_820_cut",
            "nw:furniture_821_cut",
            "nw:furniture_822_cut",
            "nw:furniture_824_cut",
            "nw:furniture_826_cut",
            "nw:furniture_827_cut",
            "nw:furniture_829_cut",
            "nw:furniture_831_cut",
            "nw:furniture_832_cut",
            "nw:furniture_834_cut",
            "nw:furniture_835_cut",
            "nw:furniture_836_cut",
            "nw:furniture_837_cut",
            "nw:furniture_839_cut",
            "nw:furniture_840_cut",
            "nw:furniture_841_cut",
            "nw:furniture_843_cut",
            "nw:furniture_849_cut",
            "nw:furniture_855_cut",
            "nw:furniture_861_cut",
            "nw:furniture_867_cut",
            "nw:furniture_868_cut",
            "nw:furniture_870_cut",
            "nw:furniture_871_cut",
            "nw:furniture_873_cut",
            "nw:furniture_874_cut",
            "nw:furniture_875_cut",
            "nw:furniture_876_cut",
            "nw:furniture_877_cut",
            "nw:furniture_878_cut",
            "nw:furniture_879_cut",
            "nw:furniture_880_cut",
            "nw:furniture_881_cut",
            "nw:furniture_882_cut",
            "nw:furniture_883_cut",
            "nw:furniture_884_cut",
            "nw:furniture_885_cut",
            "nw:furniture_886_cut",
            "nw:furniture_887_cut",
            "nw:furniture_888_cut",
            "nw:furniture_889_cut",
            "nw:furniture_890_cut",
            "nw:furniture_891_cut",
            "nw:furniture_892_cut",
            "nw:furniture_893_cut",
            "nw:furniture_894_cut",
            "nw:furniture_895_cut",
            "nw:furniture_896_cut",
            "nw:furniture_897_cut",
            "nw:furniture_898_cut",
            "nw:furniture_899_cut",
            "nw:furniture_900_cut",
            "nw:furniture_901_cut",
            "nw:furniture_902_cut",
            "nw:furniture_903_cut",
            "nw:furniture_904_cut",
            "nw:furniture_906_cut",
            "nw:furniture_908_cut",
            "nw:furniture_909_cut",
            "nw:furniture_911_cut",
            "nw:furniture_913_cut",
            "nw:furniture_914_cut",
            "nw:furniture_916_cut",
            "nw:furniture_917_cut",
            "nw:furniture_918_cut",
            "nw:furniture_919_cut",
            "nw:furniture_921_cut",
            "nw:furniture_922_cut",
            "nw:furniture_923_cut",
            "nw:furniture_925_cut",
            "nw:furniture_931_cut",
            "nw:furniture_937_cut",
            "nw:furniture_943_cut",
            "nw:furniture_949_cut",
            "nw:furniture_950_cut",
            "nw:furniture_952_cut",
            "nw:furniture_953_cut",
            "nw:furniture_955_cut",
            "nw:furniture_956_cut",
            "nw:furniture_957_cut",
            "nw:furniture_958_cut",
            "nw:furniture_959",
            "nw:furniture_960",
            "nw:furniture_961",
            "nw:furniture_962",
            "nw:furniture_963",
            "nw:furniture_964",
            "nwr:furniture_965_cut",
            "nwr:furniture_968_cut",
            "nwr:furniture_971_cut",
            "nwr:furniture_974_cut",
            "nwr:furniture_975_cut",
            "nwr:furniture_976_cut",
            "nwr:furniture_977_cut",
            "nwr:furniture_978_cut",
            "nwr:furniture_979_cut",
            "nwr:furniture_981_cut",
            "nwr:furniture_982_cut",
            "nwr:furniture_983_cut",
            "nwr:furniture_984_cut",
            "nwr:furniture_985_cut",
            "nwr:furniture_986_cut",
            "nwr:furniture_987_cut",
            "nwr:furniture_988_cut",
            "nwr:furniture_989_cut",
            "nwr:furniture_990_cut",
            "nwr:furniture_991_cut",
            "nwr:furniture_992_cut",
            "nwr:furniture_993_cut",
            "nwr:furniture_996_cut",
            "nwr:furniture_997_cut",
            "nwr:furniture_998_cut",
            "nwr:furniture_999_cut",
            "nwr:furniture_1000_cut",
            "nwr:furniture_1001_cut",
            "nwr:furniture_1002_cut",
            "nwr:furniture_1003_cut",
            "nwr:furniture_1004_cut",
            "nwr:furniture_1005_cut",
            "nwr:furniture_1006_cut",
            "nwr:furniture_1007_cut",
            "nwr:furniture_1008_cut",
            "nwr:furniture_1009_cut",
            "nwr:furniture_1010_cut",
            "nwr:furniture_1011_cut",
            "nwr:furniture_1012_cut",
            "nwr:furniture_1013_cut",
            "nwr:furniture_1026_cut",
            "nwr:furniture_1029_cut",
            "nwr:furniture_1030_cut",
            "nw:furniture_1031",
            "nw:furniture_1032",
            "nw:furniture_1033",
            "nwr:furniture_1034_cut",
            "nwr:furniture_1035_cut",
            "nwr:furniture_1036_cut",
            "nwr:furniture_1037_cut",
            "nwr:furniture_1038_cut",
            "nwr:furniture_1039_cut",
            "nwr:furniture_1040_cut",
            "nwr:furniture_1041_cut",
            "nwr:furniture_1042_cut",
            "nwr:furniture_1043_cut",
            "nwr:furniture_1044_cut",
            "nwr:furniture_1045_cut",
            "nwr:furniture_1047_cut",
            "nwr:furniture_1049_cut",
            "nwr:furniture_1051_cut",
            "nwr:furniture_1053_cut",
            "nwr:furniture_1055_cut",
            "nwr:furniture_1057_cut",
            "nwr:furniture_1058_cut",
            "nwr:furniture_1059_cut",
            "nwr:furniture_1060_cut",
            "nwr:furniture_1061_cut",
            "nwr:furniture_1062_cut",
            "nwr:furniture_1063_cut",
            "nwr:furniture_1064_cut",
            "nwr:furniture_1065_cut",
            "nwr:furniture_1066_cut",
            "nwr:furniture_1067_cut",
            "nwr:furniture_1068_cut",
            "nwr:furniture_1069_cut",
            "nwr:furniture_1070_cut",
            "nwr:furniture_1073_cut",
            "nwr:furniture_1078_cut",
            "nwr:furniture_1081_cut",
            "nwr:furniture_1082_cut",
            "nwr:furniture_1083_cut",
            "nwr:furniture_1084_cut",
            "nwr:furniture_1085_cut",
            "nwr:furniture_1086_cut",
            "nwr:furniture_1087_cut",
            "nwr:furniture_1088_cut",
            "nwr:furniture_1089_cut",
            "nwr:furniture_1090_cut",
            "nwr:furniture_1091_cut",
            "nwr:furniture_1092_cut",
            "nwr:furniture_1093_cut",
            "nwr:furniture_1094_cut",
            "nwr:furniture_1095_cut",
            "nwr:furniture_1096_cut",
            "nwr:furniture_1097_cut",
            "nwr:furniture_1098_cut",
            "nwr:furniture_1099_cut",
            "nwr:furniture_1100_cut",
            "nw:furniture_1101",
            "nwr:furniture_1102_cut",
            "nwr:furniture_1103_cut",
            "nw:furniture_1104_cut",
            "nw:furniture_1105_cut",
            "nw:furniture_1106_cut",
            "nw:furniture_1107_cut",
            "nw:furniture_1108_cut",
            "nw:furniture_1109_cut",
            "nw:furniture_1110_cut",
            "nw:furniture_1111_cut",
            "nw:furniture_1112_cut",
            "nw:furniture_1113_cut",
            "nw:furniture_1114_cut",
            "nw:furniture_1115_cut",
            "nw:furniture_1116_cut",
            "nw:furniture_1117_cut",
            "nw:furniture_1118_cut",
            "nw:furniture_1120_cut",
            "nw:furniture_1121_cut",
            "nw:furniture_1123_cut",
            "nw:furniture_1124_cut",
            "nw:furniture_1125_cut",
            "nw:furniture_1127_cut",
            "nw:furniture_1128_cut",
            "nw:furniture_1130_cut",
            "nw:furniture_1131_cut",
            "nw:furniture_1132_cut",
            "nw:furniture_1133_cut",
            "nw:furniture_1134_cut",
            "nw:furniture_1135_cut",
            "nw:furniture_1136_cut",
            "nw:furniture_1137_cut",
            "nw:furniture_1138_cut",
            "nw:furniture_1139_cut",
            "nw:furniture_1140_cut",
            "nw:furniture_1141_cut",
            "nw:furniture_1142_cut",
            "nw:furniture_1143_cut",
            "nw:furniture_1144_cut",
            "nw:furniture_1145_cut",
            "nw:furniture_1147_cut",
            "nw:furniture_1148_cut",
            "nw:furniture_1150_cut",
            "nw:furniture_1151_cut",
            "nw:furniture_1152_cut",
            "nw:furniture_1154_cut",
            "nw:furniture_1155_cut",
            "nw:furniture_1157_cut",
            "nw:furniture_1158_cut",
            "nw:furniture_1159_cut",
            "nw:furniture_1160_cut",
            "nw:furniture_1161_cut",
            "nw:furniture_1162_cut",
            "nw:furniture_1163_cut",
            "nw:furniture_1164_cut",
            "nw:furniture_1165_cut",
            "nw:furniture_1166_cut",
            "nw:furniture_1167_cut",
            "nw:furniture_1168_cut",
            "nw:furniture_1169_cut",
            "nw:furniture_1170_cut",
            "nw:furniture_1171_cut",
            "nw:furniture_1172_cut",
            "nw:furniture_1174_cut",
            "nw:furniture_1175_cut",
            "nw:furniture_1177_cut",
            "nw:furniture_1178_cut",
            "nw:furniture_1179_cut",
            "nw:furniture_1181_cut",
            "nw:furniture_1182_cut",
            "nw:furniture_1184_cut",
            "nw:furniture_1185_cut",
            "nw:furniture_1186_cut",
            "nw:furniture_1187_cut",
            "nw:furniture_1188_cut",
            "nw:furniture_1189_cut",
            "nw:furniture_1190_cut",
            "nw:furniture_1191_cut",
            "nw:furniture_1192_cut",
            "nw:furniture_1193_cut",
            "nw:furniture_1194_cut",
            "nw:furniture_1195_cut",
            "nw:furniture_1196_cut",
            "nw:furniture_1197_cut",
            "nw:furniture_1198_cut",
            "nw:furniture_1199_cut",
            "nw:furniture_1201_cut",
            "nw:furniture_1202_cut",
            "nw:furniture_1204_cut",
            "nw:furniture_1205_cut",
            "nw:furniture_1206_cut",
            "nw:furniture_1208_cut",
            "nw:furniture_1209_cut",
            "nw:furniture_1211_cut",
            "nw:furniture_1212_cut",
            "nw:furniture_1213_cut",
            "nw:furniture_1214_cut",
            "nw:furniture_1215_cut",
            "nw:furniture_1216_cut",
            "nw:furniture_1217_cut",
            "nw:furniture_1218_cut",
            "nw:furniture_1219_cut",
            "nw:furniture_1220_cut",
            "nw:furniture_1221_cut",
            "nw:furniture_1222_cut",
            "nw:furniture_1223_cut",
            "nw:furniture_1224_cut",
            "nw:furniture_1225_cut",
            "nw:furniture_1226_cut",
            "nw:furniture_1228_cut",
            "nw:furniture_1229_cut",
            "nw:furniture_1231_cut",
            "nw:furniture_1232_cut",
            "nw:furniture_1233_cut",
            "nw:furniture_1235_cut",
            "nw:furniture_1236_cut",
            "nw:furniture_1238_cut",
            "nw:furniture_1239_cut",
            "nw:furniture_1240_cut",
            "nw:furniture_1241_cut",
            "nw:furniture_1242_cut",
            "nw:furniture_1243_cut",
            "nw:furniture_1244_cut",
            "nw:furniture_1245_cut",
            "nw:furniture_1246_cut",
            "nw:furniture_1247_cut",
            "nw:furniture_1248_cut",
            "nw:furniture_1249_cut",
            "nw:furniture_1250_cut",
            "nw:furniture_1251_cut",
            "nw:furniture_1252_cut",
            "nw:furniture_1253_cut",
            "nw:furniture_1255_cut",
            "nw:furniture_1256_cut",
            "nw:furniture_1258_cut",
            "nw:furniture_1259_cut",
            "nw:furniture_1260_cut",
            "nw:furniture_1262_cut",
            "nw:furniture_1263_cut",
            "nw:furniture_1265_cut",
            "nw:furniture_1266_cut",
            "nw:furniture_1267_cut",
            "nw:furniture_1268_cut",
            "nw:furniture_1269_cut",
            "nw:furniture_1270_cut",
            "nw:furniture_1271_cut",
            "nw:furniture_1272_cut",
            "nw:furniture_1273_cut",
            "nw:furniture_1274_cut",
            "nw:furniture_1275_cut",
            "nw:furniture_1276_cut",
            "nw:furniture_1277_cut",
            "nw:furniture_1278_cut",
            "nw:furniture_1279_cut",
            "nw:furniture_1280_cut",
            "nw:furniture_1282_cut",
            "nw:furniture_1283_cut",
            "nw:furniture_1285_cut",
            "nw:furniture_1286_cut",
            "nw:furniture_1287_cut",
            "nw:furniture_1289_cut",
            "nw:furniture_1290_cut",
            "nw:furniture_1292_cut",
            "nw:furniture_1293_cut",
            "nw:furniture_1294_cut",
            "nw:furniture_1295_cut",
            "nw:furniture_1296_cut",
            "nw:furniture_1297_cut",
            "nw:furniture_1298_cut",
            "nw:furniture_1299_cut",
            "nw:furniture_1300_cut",
            "nw:furniture_1301_cut",
            "nw:furniture_1302_cut",
            "nw:furniture_1303_cut",
            "nw:furniture_1304_cut",
            "nw:furniture_1305_cut",
            "nw:furniture_1306_cut",
            "nw:furniture_1307_cut",
            "nw:furniture_1309_cut",
            "nw:furniture_1310_cut",
            "nw:furniture_1312_cut",
            "nw:furniture_1313_cut",
            "nw:furniture_1314_cut",
            "nw:furniture_1316_cut",
            "nw:furniture_1317_cut",
            "nw:furniture_1319_cut",
            "nw:furniture_1320_cut",
            "nw:furniture_1321_cut",
            "nw:furniture_1322_cut",
            "nw:furniture_1323_cut",
            "nw:furniture_1324_cut",
            "nw:furniture_1325_cut",
            "nw:furniture_1326_cut",
            "nw:furniture_1327_cut",
            "nw:furniture_1328_cut",
            "nw:furniture_1329_cut",
            "nw:furniture_1330_cut",
            "nw:furniture_1331_cut",
            "nw:furniture_1332_cut",
            "nw:furniture_1333_cut",
            "nw:furniture_1334_cut",
            "nw:furniture_1336_cut",
            "nw:furniture_1337_cut",
            "nw:furniture_1339_cut",
            "nw:furniture_1340_cut",
            "nw:furniture_1341_cut",
            "nw:furniture_1343_cut",
            "nw:furniture_1344_cut",
            "nw:furniture_1346_cut",
            "nw:furniture_1347_cut",
            "nw:furniture_1348_cut",
            "nw:furniture_1349_cut",
            "nw:furniture_1350_cut",
            "nw:furniture_1351_cut",
            "nw:furniture_1352_cut",
            "nw:furniture_1353_cut",
            "nw:furniture_1354_cut",
            "nw:furniture_1355_cut",
            "nw:furniture_1356_cut",
            "nw:furniture_1357_cut",
            "nw:furniture_1358_cut",
            "nw:furniture_1359_cut",
            "nw:furniture_1360_cut",
            "nw:furniture_1361_cut",
            "nw:furniture_1363_cut",
            "nw:furniture_1364_cut",
            "nw:furniture_1366_cut",
            "nw:furniture_1367_cut",
            "nw:furniture_1368_cut",
            "nw:furniture_1370_cut",
            "nw:furniture_1371_cut",
            "nw:furniture_1373_cut",
            "nw:furniture_1374_cut",
            "nw:furniture_1375_cut",
            "nw:furniture_1376_cut",
            "nw:furniture_1377_cut",
            "nw:furniture_1378_cut",
            "nw:furniture_1379_cut",
            "nw:furniture_1380_cut",
            "nw:furniture_1381_cut",
            "nw:furniture_1382_cut",
            "nw:furniture_1383_cut",
            "nw:furniture_1384_cut",
            "nw:furniture_1385_cut",
            "nw:furniture_1386_cut",
            "nw:furniture_1387_cut",
            "nw:furniture_1388_cut",
            "nw:furniture_1390_cut",
            "nw:furniture_1391_cut",
            "nw:furniture_1393_cut",
            "nw:furniture_1394_cut",
            "nw:furniture_1395_cut",
            "nw:furniture_1397_cut",
            "nw:furniture_1398_cut",
            "nw:furniture_1400_cut",
            "nw:furniture_1401_cut",
            "nw:furniture_1402_cut",
            "nw:furniture_1403_cut",
            "nw:furniture_1404_cut",
            "nw:furniture_1405_cut",
            "nw:furniture_1406_cut",
            "nw:furniture_1407_cut",
            "nw:furniture_1408_cut",
            "nw:furniture_1409_cut",
            "nw:furniture_1410_cut",
            "nw:furniture_1411_cut",
            "nw:furniture_1412_cut",
            "nw:furniture_1413_cut",
            "nw:furniture_1414_cut",
            "nw:furniture_1415_cut",
            "nw:furniture_1417_cut",
            "nw:furniture_1418_cut",
            "nw:furniture_1420_cut",
            "nw:furniture_1421_cut",
            "nw:furniture_1422_cut",
            "nw:furniture_1424_cut",
            "nw:furniture_1425_cut",
            "nw:furniture_1427_cut",
            "nw:furniture_1428_cut",
            "nw:furniture_1429_cut",
            "nw:furniture_1430_cut",
            "nw:furniture_1431_cut",
            "nw:furniture_1432_cut",
            "nw:furniture_1433_cut",
            "nw:furniture_1434_cut",
            "nw:furniture_1435_cut",
            "nw:furniture_1436_cut",
            "nw:furniture_1437_cut",
            "nw:furniture_1438_cut",
            "nw:furniture_1439_cut",
            "nw:furniture_1440_cut",
            "nw:furniture_1441_cut",
            "nw:furniture_1442_cut",
            "nw:furniture_1444_cut",
            "nw:furniture_1445_cut",
            "nw:furniture_1447_cut",
            "nw:furniture_1448_cut",
            "nw:furniture_1449_cut",
            "nw:furniture_1451_cut",
            "nw:furniture_1452_cut",
            "nw:furniture_1454_cut",
            "nw:furniture_1455_cut",
            "nw:furniture_1456_cut",
            "nw:furniture_1457_cut",
            "nw:furniture_1458_cut",
            "nw:furniture_1459_cut",
            "nw:furniture_1460_cut",
            "nw:furniture_1461_cut",
            "nw:furniture_1462_cut",
            "nw:furniture_1463_cut",
            "nw:furniture_1464_cut",
            "nw:furniture_1465_cut",
            "nw:furniture_1466_cut",
            "nw:furniture_1467_cut",
            "nw:furniture_1468_cut",
            "nw:furniture_1469_cut",
            "nw:furniture_1471_cut",
            "nw:furniture_1472_cut",
            "nw:furniture_1474_cut",
            "nw:furniture_1475_cut",
            "nw:furniture_1476_cut",
            "nw:furniture_1478_cut",
            "nw:furniture_1479_cut",
            "nw:furniture_1481_cut",
            "nw:furniture_1482_cut",
            "nw:furniture_1483_cut",
            "nw:furniture_1484_cut",
            "nw:furniture_1485_cut",
            "nw:furniture_1486_cut",
            "nw:furniture_1487_cut",
            "nw:furniture_1488_cut",
            "nw:furniture_1489_cut",
            "nw:furniture_1490_cut",
            "nw:furniture_1491_cut",
            "nw:furniture_1492_cut",
            "nw:furniture_1493_cut",
            "nw:furniture_1494_cut",
            "nw:furniture_1495_cut",
            "nw:furniture_1496_cut",
            "nw:furniture_1498_cut",
            "nw:furniture_1499_cut",
            "nw:furniture_1501_cut",
            "nw:furniture_1502_cut",
            "nw:furniture_1503_cut",
            "nw:furniture_1505_cut",
            "nw:furniture_1506_cut",
            "nw:furniture_1508_cut",
            "nw:furniture_1509_cut",
            "nw:furniture_1510_cut",
            "nw:furniture_1511_cut",
            "nw:furniture_1512_cut",
            "nw:furniture_1513_cut",
            "nw:furniture_1514_cut",
            "nw:furniture_1515_cut",
            "nw:furniture_1516_cut",
            "nw:furniture_1517_cut",
            "nw:furniture_1518_cut",
            "nw:furniture_1519_cut",
            "nw:furniture_1520_cut",
            "nw:furniture_1521_cut",
            "nw:furniture_1522_cut",
            "nw:furniture_1523_cut",
            "nw:furniture_1525_cut",
            "nw:furniture_1526_cut",
            "nw:furniture_1528_cut",
            "nw:furniture_1529_cut",
            "nw:furniture_1530_cut",
            "nw:furniture_1532_cut",
            "nw:furniture_1533_cut",
            "nw:furniture_1535_cut",
            "nw:furniture_1536_cut",
            "nw:furniture_1537_cut",
            "nw:furniture_1538_cut",
            "nw:furniture_1539_cut",
            "nw:furniture_1540_cut",
            "nw:furniture_1541_cut",
            "nw:furniture_1542_cut",
            "nw:furniture_1543_cut",
            "nw:furniture_1544_cut",
            "nw:furniture_1545_cut",
            "nw:furniture_1546_cut",
            "nw:furniture_1547_cut",
            "nw:furniture_1548_cut",
            "nw:furniture_1549_cut",
            "nw:furniture_1550_cut",
            "nw:furniture_1552_cut",
            "nw:furniture_1553_cut",
            "nw:furniture_1555_cut",
            "nw:furniture_1556_cut",
            "nw:furniture_1557_cut",
            "nw:furniture_1559_cut",
            "nw:furniture_1560_cut",
            "nw:furniture_1562_cut",
            "nw:furniture_1563_cut",
            "nw:furniture_1564_cut",
            "nw:furniture_1565_cut",
            "nw:furniture_1566_cut",
            "nw:furniture_1567_cut",
            "nw:furniture_1568_cut",
            "nw:furniture_1569_cut",
            "nw:furniture_1570_cut",
            "nw:furniture_1571_cut",
            "nw:furniture_1572_cut",
            "nw:furniture_1573_cut",
            "nw:furniture_1574_cut",
            "nw:furniture_1575_cut",
            "nw:furniture_1576_cut",
            "nw:furniture_1577_cut",
            "nw:furniture_1579_cut",
            "nw:furniture_1580_cut",
            "nw:furniture_1582_cut",
            "nw:furniture_1583_cut",
            "nw:furniture_1584_cut",
            "nw:furniture_1586_cut",
            "nw:furniture_1587_cut",
            "nw:furniture_1589_cut",
            "nw:furniture_1590_cut",
            "nw:furniture_1591_cut",
            "nw:furniture_1592_cut",
            "nw:furniture_1593_cut",
            "nw:furniture_1594_cut",
            "nw:furniture_1595_cut",
            "nw:furniture_1596_cut",
            "nw:furniture_1597_cut",
            "nw:furniture_1598_cut",
            "nw:furniture_1599_cut",
            "nw:furniture_1600_cut",
            "nw:furniture_1601_cut",
            "nw:furniture_1602_cut",
            "nw:furniture_1603_cut",
            "nw:furniture_1604_cut",
            "nw:furniture_1606_cut",
            "nw:furniture_1607_cut",
            "nw:furniture_1609_cut",
            "nw:furniture_1610_cut",
            "nw:furniture_1611_cut",
            "nw:furniture_1613_cut",
            "nw:furniture_1614_cut",
            "nw:furniture_1616_cut",
            "nw:furniture_1617_cut",
            "nw:furniture_1618_cut",
            "nw:furniture_1619_cut",
            "nw:furniture_1620_cut",
            "nw:furniture_1621_cut",
            "nw:furniture_1622_cut",
            "nw:furniture_1623_cut",
            "nw:furniture_1624_cut",
            "nw:furniture_1625_cut",
            "nw:furniture_1626_cut",
            "nw:furniture_1627_cut",
            "nw:furniture_1628_cut",
            "nw:furniture_1629_cut",
            "nw:furniture_1630_cut",
            "nw:furniture_1631_cut",
            "nw:furniture_1633_cut",
            "nw:furniture_1634_cut",
            "nw:furniture_1636_cut",
            "nw:furniture_1637_cut",
            "nw:furniture_1638_cut",
            "nw:furniture_1640_cut",
            "nw:furniture_1641_cut",
            "nw:furniture_1643_cut",
            "nw:furniture_1644_cut",
            "nw:furniture_1645_cut",
            "nw:furniture_1646_cut",
            "nw:furniture_1647_cut",
            "nw:furniture_1648_cut",
            "nw:furniture_1649_cut",
            "nw:furniture_1650_cut",
            "nw:furniture_1651_cut",
            "nw:furniture_1652_cut",
            "nw:furniture_1653_cut",
            "nw:furniture_1654_cut",
            "nw:furniture_1655_cut",
            "nw:furniture_1656_cut",
            "nw:furniture_1657_cut",
            "nw:furniture_1658_cut",
            "nw:furniture_1660_cut",
            "nw:furniture_1661_cut",
            "nw:furniture_1663_cut",
            "nw:furniture_1664_cut",
            "nw:furniture_1665_cut",
            "nw:furniture_1667_cut",
            "nw:furniture_1668_cut",
            "nw:furniture_1670_cut",
            "nw:furniture_1671_cut",
            "nw:furniture_1672_cut",
            "nw:furniture_1673_cut",
            "nw:furniture_1674_cut",
            "nw:furniture_1675_cut",
            "nw:furniture_1676_cut",
            "nw:furniture_1677_cut",
            "nw:furniture_1678_cut",
            "nw:furniture_1679_cut",
            "nw:furniture_1680_cut",
            "nw:furniture_1681_cut",
            "nw:furniture_1682_cut",
            "nw:furniture_1683_cut",
            "nw:furniture_1684_cut",
            "nw:furniture_1685_cut",
            "nw:furniture_1687_cut",
            "nw:furniture_1688_cut",
            "nw:furniture_1690_cut",
            "nw:furniture_1691_cut",
            "nw:furniture_1692_cut",
            "nw:furniture_1694_cut",
            "nw:furniture_1695_cut",
            "nw:furniture_1697_cut",
            "nw:furniture_1698_cut",
            "nw:furniture_1699_cut",
            "nw:furniture_1700_cut",
            "nw:furniture_1701_cut",
            "nw:furniture_1702_cut",
            "nw:furniture_1703_cut",
            "nw:furniture_1704_cut",
            "nw:furniture_1705_cut",
            "nw:furniture_1706_cut",
            "nw:furniture_1707_cut",
            "nw:furniture_1708_cut",
            "nw:furniture_1709_cut",
            "nw:furniture_1710_cut",
            "nw:furniture_1711_cut",
            "nw:furniture_1712_cut",
            "nw:furniture_1714_cut",
            "nw:furniture_1715_cut",
            "nw:furniture_1717_cut",
            "nw:furniture_1718_cut",
            "nw:furniture_1719_cut",
            "nw:furniture_1721_cut",
            "nw:furniture_1722_cut",
            "nw:furniture_1724_cut",
            "nw:furniture_1725_cut",
            "nw:furniture_1726_cut",
            "nw:furniture_1727_cut",
            "nw:furniture_1728_cut",
            "nw:furniture_1729_cut",
            "nw:furniture_1730_cut",
            "nw:furniture_1731_cut",
            "nw:furniture_1732_cut",
            "nw:furniture_1733_cut",
            "nw:furniture_1734_cut",
            "nw:furniture_1735_cut",
            "nw:furniture_1736_cut",
            "nw:furniture_1737_cut",
            "nw:furniture_1738_cut",
            "nw:furniture_1739_cut",
            "nw:furniture_1741_cut",
            "nw:furniture_1742_cut",
            "nw:furniture_1744_cut",
            "nw:furniture_1745_cut",
            "nw:furniture_1746_cut",
            "nw:furniture_1748_cut",
            "nw:furniture_1749_cut",
            "nw:furniture_1751_cut",
            "nw:furniture_1752_cut",
            "nw:furniture_1753_cut",
            "nw:furniture_1754_cut",
            "nw:furniture_1755_cut",
            "nw:furniture_1756_cut",
            "nw:furniture_1757_cut",
            "nw:furniture_1758_cut",
            "nw:furniture_1759_cut",
            "nw:furniture_1760_cut",
            "nw:furniture_1761_cut",
            "nw:furniture_1762_cut",
            "nw:furniture_1763_cut",
            "nw:furniture_1764_cut",
            "nw:furniture_1765_cut",
            "nw:furniture_1766_cut",
            "nw:furniture_1768_cut",
            "nw:furniture_1769_cut",
            "nw:furniture_1771_cut",
            "nw:furniture_1772_cut",
            "nw:furniture_1773_cut",
            "nw:furniture_1775_cut",
            "nw:furniture_1776_cut",
            "nw:furniture_1778_cut",
            "nw:furniture_1779",
            "nw:furniture_1780_cut",
            "nw:furniture_1781_cut",
            "nw:furniture_1782_cut",
            "nw:furniture_1783_cut",
            "nw:furniture_1784_cut",
            "nw:furniture_1785_cut",
            "nw:furniture_1786_cut",
            "nw:furniture_1787_cut",
            "nw:furniture_1788_cut",
            "nw:furniture_1789_cut",
            "nw:furniture_1790_cut",
            "nw:furniture_1791_cut",
            "nw:furniture_1792_cut",
            "nw:furniture_1793_cut",
            "nw:furniture_1794_cut",
            "nw:furniture_1796_cut",
            "nw:furniture_1797_cut",
            "nw:furniture_1799_cut",
            "nw:furniture_1800_cut",
            "nw:furniture_1801_cut",
            "nw:furniture_1803_cut",
            "nw:furniture_1804_cut",
            "nw:furniture_1806_cut",
            "nw:furniture_1807_cut",
            "nw:furniture_1808_cut",
            "nw:furniture_1809_cut",
            "nw:furniture_1810_cut",
            "nw:furniture_1811_cut",
            "nw:furniture_1812_cut",
            "nw:furniture_1813_cut",
            "nw:furniture_1814_cut",
            "nw:furniture_1815_cut",
            "nw:furniture_1816_cut",
            "nw:furniture_1817_cut",
            "nw:furniture_1818_cut",
            "nw:furniture_1819_cut",
            "nw:furniture_1820_cut",
            "nw:furniture_1821_cut",
            "nw:furniture_1822_cut",
            "nw:furniture_1823_cut",
            "nw:furniture_1824_cut",
            "nw:furniture_1825_cut",
            "nw:furniture_1826_cut",
            "nw:furniture_1827_cut",
            "nw:furniture_1828_cut",
            "nw:furniture_1829_cut",
            "nw:furniture_1830_cut",
            "nw:furniture_1831_cut",
            "nw:furniture_1832_cut",
            "nw:furniture_1833_cut",
            "nw:furniture_1834_cut",
            "nw:furniture_1836_cut",
            "nw:furniture_1838_cut",
            "nw:furniture_1839_cut",
            "nw:furniture_1841_cut",
            "nw:furniture_1843_cut",
            "nw:furniture_1844_cut",
            "nw:furniture_1846_cut",
            "nw:furniture_1847_cut",
            "nw:furniture_1848_cut",
            "nw:furniture_1849_cut",
            "nw:furniture_1851_cut",
            "nw:furniture_1852_cut",
            "nw:furniture_1853_cut",
            "nw:furniture_1855_cut",
            "nw:furniture_1861_cut",
            "nw:furniture_1867_cut",
            "nw:furniture_1873_cut",
            "nw:furniture_1879_cut",
            "nw:furniture_1880_cut",
            "nw:furniture_1882_cut",
            "nw:furniture_1883_cut",
            "nw:furniture_1885_cut",
            "nw:furniture_1886_cut",
            "nw:furniture_1887_cut",
            "nw:furniture_1888_cut",
            "nwr:furniture_1889_cut",
            "nwr:furniture_1890_cut",
            "nwr:furniture_1894_cut",
            "nwr:furniture_1895_cut",
            "nwr:furniture_1897_cut",
            "nwr:furniture_1898_cut",
            "nwr:furniture_1899_cut",
            "nwr:furniture_1900_cut",
            "nwr:furniture_1901_cut",
            "nwr:furniture_1902_cut",
            "nwr:furniture_1903_cut",
            "nwr:furniture_1904_cut",
            "nwr:furniture_1905_cut",
            "nwr:furniture_1906_cut",
            "nwr:furniture_1907_cut",
            "nwr:furniture_1908_cut",
            "nwr:furniture_1909_cut",
            "nwr:furniture_1910_cut",
            "nwr:furniture_1911_cut",
            "nwr:furniture_1912_cut",
            "nwr:furniture_1913_cut",
            "nwr:furniture_1914_cut",
            "nwr:furniture_1915_cut",
            "nwr:furniture_1916_cut",
            "nwr:furniture_1917_cut",
            "nwr:furniture_1918_cut",
            "nwr:furniture_1919_cut",
            "nwr:furniture_1920_cut",
            "nwr:furniture_1921_cut",
            "nwr:furniture_1922_cut",
            "nwr:furniture_1923_cut",
            "nwr:furniture_1924_cut",
            "nwr:furniture_1925_cut",
            "nwr:furniture_1926_cut",
            "nwr:furniture_1927_cut",
            "nwr:furniture_1928_cut",
            "nwr:furniture_1929_cut",
            "nwr:furniture_1930_cut",
            "nwr:furniture_1931_cut",
            "nwr:furniture_1932_cut",
            "nwr:furniture_1933_cut",
            "nwr:furniture_1934_cut",
            "nwr:furniture_1935_cut",
            "nwr:furniture_1936_cut",
            "nwr:furniture_1937_cut",
            "nwr:furniture_1938_cut",
            "nwr:furniture_1939_cut",
            "nwr:furniture_1940_cut",
            "nwr:furniture_1941_cut",
            "nwr:furniture_1942_cut",
            "nwr:furniture_1943_cut",
            "nwr:furniture_1944_cut",
            "nwr:furniture_1945_cut",
            "nwr:furniture_1946_cut",
            "nwr:furniture_1947_cut",
            "nwr:furniture_1948_cut",
            "nwr:furniture_1949_cut",
            "nwr:furniture_1950_cut",
            "nwr:furniture_1951_cut",
            "nwr:furniture_1952_cut",
            "nwr:furniture_1953_cut",
            "nwr:furniture_1954_cut",
            "nwr:furniture_1955_cut",
            "nwr:furniture_1956_cut",
            "nwr:furniture_1957_cut",
            "nwr:furniture_1958_cut",
            "nwr:furniture_1959_cut",
            "nwr:furniture_1960_cut",
            "nwr:furniture_1961_cut",
            "nwr:furniture_1962_cut",
            "nwr:furniture_1963_cut",
            "nwr:furniture_1964_cut",
            "nwr:furniture_1965_cut",
            "nwr:furniture_1966_cut",
            "nwr:furniture_1967_cut",
            "nwr:furniture_1968_cut",
            "nwr:furniture_1969_cut",
            "nwr:furniture_1970_cut",
            "nwr:furniture_1971_cut",
            "nwr:furniture_1972_cut",
            "nwr:furniture_1973_cut",
            "nwr:furniture_1974_cut",
            "nwr:furniture_1975_cut",
            "nwr:furniture_1976_cut",
            "nwr:furniture_1977_cut",
            "nwr:furniture_1978_cut",
            "nwr:furniture_1979_cut",
            "nwr:furniture_1980_cut",
            "nwr:furniture_1981_cut",
            "nwr:furniture_1982_cut",
            "nwr:furniture_1983_cut",
            "nwr:furniture_1984_cut",
            "nwr:furniture_1985_cut",
            "nwr:furniture_1986_cut",
            "nwr:furniture_1987_cut",
            "nwr:furniture_1988_cut",
            "nwr:furniture_1989_cut",
            "nwr:furniture_1990_cut",
            "nwr:furniture_1991_cut",
            "nwr:furniture_1992_cut",
            "nwr:furniture_1993_cut",
            "nwr:furniture_1994_cut",
            "nwr:furniture_1995_cut",
            "nwr:furniture_1996_cut",
            "nwr:furniture_1997_cut",
            "nwr:furniture_1998_cut",
            "nwr:furniture_1999_cut",
            "nwr:furniture_2000_cut",
            "nwr:furniture_2001_cut",
            "nwr:furniture_2002_cut",
            "nwr:furniture_2003_cut",
            "nwr:furniture_2004_cut",
            "nwr:furniture_2005_cut",
            "nwr:furniture_2006_cut",
            "nwr:furniture_2007_cut",
            "nwr:furniture_2008_cut",
            "nwr:furniture_2009_cut",
            "nwr:furniture_2010_cut",
            "nwr:furniture_2011_cut",
            "nwr:furniture_2012_cut",
            "nwr:furniture_2013_cut",
            "nwr:furniture_2014_cut",
            "nwr:furniture_2015_cut",
            "nwr:furniture_2016_cut",
            "nwr:furniture_2017_cut",
            "nwr:furniture_2018_cut",
            "nwr:furniture_2019_cut",
            "nwr:furniture_2020_cut",
            "nwr:furniture_2021_cut",
            "nwr:furniture_2022_cut",
            "nwr:furniture_2023_cut",
            "nwr:furniture_2024_cut",
            "nwr:furniture_2026_cut",
            "nwr:furniture_2027_cut",
            "nwr:furniture_2029_cut",
            "nwr:furniture_2030_cut",
            "nwr:furniture_2032_cut",
            "nwr:furniture_2033_cut",
            "nwr:furniture_2034_cut",
            "nwr:furniture_2035_cut",
            "nwr:furniture_2036_cut",
            "nwr:furniture_2037_cut",
            "nwr:furniture_2039_cut",
            "nwr:furniture_2041_cut",
            "nwr:furniture_2043_cut",
            "nwr:furniture_2044_cut",
            "nwr:furniture_2045_cut",
            "nwr:furniture_2046_cut",
            "nwr:furniture_2048_cut",
            "nwr:furniture_2049_cut",
            "nwr:furniture_2051_cut",
            "nwr:furniture_2052_cut",
            "nwr:furniture_2054_cut",
            "nwr:furniture_2056_cut",
            "nwr:furniture_2058_cut",
            "nwr:furniture_2059_cut",
            "nwr:furniture_2060_cut",
            "nwr:furniture_2061_cut",
            "nwr:furniture_2063_cut",
            "nwr:furniture_2065_cut",
            "nwr:furniture_2067_cut",
            "nwr:furniture_2068_cut",
            "nwr:furniture_2069_cut",
            "nwr:furniture_2071_cut",
            "nwr:furniture_2072_cut",
            "nwr:furniture_2074_cut",
            "nwr:furniture_2076_cut",
            "nwr:furniture_2078_cut",
            "nwr:furniture_2079_cut",
            "nwr:furniture_2080_cut",
            "nwr:furniture_2081_cut",
            "nwr:furniture_2083_cut",
            "nwr:furniture_2101_cut",
            "nwr:furniture_2103_cut",
            "nwr:furniture_2105_cut",
            "nwr:furniture_2107_cut",
            "nwr:furniture_2108_cut",
            "nwr:furniture_2111_cut",
            "nwr:furniture_2113_cut",
            "nwr:furniture_2114_cut",
            "nwr:furniture_2116_cut",
            "nwr:furniture_2117_cut",
            "nwr:furniture_2119_cut"
        ]
    }
}